ANX1,ANX2,ANX3,ANX4,ATTU1,ATTU2,ATTU3,ATTU4,DEMO1,DEMO2,DEMO3,DEMO4,FACL1,FACL2,FACL3,FACL4,HAB1,HAB2,HAB3,HAB4,IMAG1,IMAG2,IMAG3,INFL3,INNOV1,INNOV2,INNOV3,INT1,INT2,INT3,MOTIV1,MOTIV2,MOTIV3,NORM1,NORM2,PEOU1,PEOU2,PEOU3,PEOU4,PEOU5,PEOU6,PERF1,PERF2,PERF3,PERF4,QUAL1,QUAL2,RELEV1,RELEV2,SEFF1,SEFF2,SEFF3,SEFF4,USEFUL2,USEFUL4,USEFUL5,VALUE1,VALUE2,VALUE3,VOL1,VOL2,VOL3,age,Experience,gender,qualitative
2,1,1,1,6,7,7,7,7,7,6,5,6,5,6,5,7,6,7,7,6,7,5,6,7,7,6,6,5,5,6,6,6,6,5,7,7,7,7,7,7,7,6,7,7,7,7,2,2,7,7,7,7,6,7,6,6,6,6,7,7,7,2,5,1,It seemed like a really good system that could help me get organized in planning an event and coordinate the efforts of others.
4,4,4,2,6,5,4,5,5,4,4,5,6,5,5,5,4,2,2,5,2,2,2,4,5,5,3,3,3,3,4,5,2,4,4,6,6,6,6,6,6,5,5,5,5,5,5,2,5,4,4,5,5,5,5,5,5,5,5,4,6,6,1,1,1,I feel like Trello is a decent project management tool; and it has a easy to use interface; but it's not widely used among the companies that I have been at; so I don't know if it's gotten enough traction to be a standard project management software.
2,2,2,2,6,6,6,6,5,6,6,6,6,5,5,6,5,4,5,5,4,4,4,4,6,6,5,5,5,5,6,6,6,4,4,5,5,5,5,5,5,6,6,6,5,5,5,4,4,5,6,6,6,6,6,6,6,6,6,6,6,6,4,3,2,WATCHING THE VIDEO AND GOING TO TRELLO WEBSITE GOT ME INTERESTED IN USING THE TOOLS. LOOKS LIKE SOMETHING I WILL CONSIDER. PRICE SEEMS REASONABLE AND START UP NOT TOO DIFFICULT.
2,2,2,2,6,6,6,5,6,5,5,5,6,6,4,4,2,2,2,5,2,4,2,4,5,5,3,2,2,2,6,6,5,4,4,6,6,6,6,6,6,5,5,5,4,6,6,5,6,6,4,5,6,5,5,5,4,4,4,6,7,7,2,5,1,It seems like an easy to use piece of software.
2,2,2,2,6,6,6,6,6,6,6,5,6,6,6,5,4,5,3,6,5,5,3,3,6,6,3,4,4,4,6,6,6,3,3,6,6,6,5,6,6,6,6,6,6,6,6,4,6,5,6,6,4,6,6,6,6,6,6,6,6,6,2,4,1,Trello seems very useful and user-friendly. I can see it being easy to explain to people; and the visual interface seems more intuitive than other productivity or time management tools I have seen. It is also attractive and colorful; which makes it more attractive. 
3,2,2,5,6,6,5,5,6,5,5,6,6,6,7,5,6,2,3,5,2,3,4,1,6,6,3,3,2,2,6,5,6,2,2,5,4,5,6,5,5,5,6,6,4,5,6,5,6,6,7,6,6,5,5,6,5,3,5,6,6,7,2,3,1,I liked the overall look of it.  The functionality seemed like it would be easy to use and would help with projects that had a number of people doing different tasks.
1,1,1,1,6,6,5,6,6,7,7,7,7,7,5,7,3,2,2,5,3,3,1,4,6,7,4,1,1,1,5,5,5,4,4,7,7,7,7,6,7,6,5,5,5,6,6,2,6,7,7,7,7,6,5,5,6,6,5,7,7,7,2,5,2,It looks like Pinterest. I'm not sure it will fulfill a need for me but I can see why someone who works in project management or the like would use it.
2,1,2,1,6,6,6,6,6,6,6,6,5,5,5,6,6,2,2,6,2,4,2,1,4,4,2,2,2,2,6,6,6,2,2,5,5,5,5,5,5,5,4,4,4,5,5,4,5,5,5,6,6,4,4,5,6,5,5,6,7,7,3,5,1,It seems like a good tool to coordinate projects and plans while working remotely.
2,3,2,1,6,6,4,6,7,6,6,6,6,6,4,5,4,2,2,3,1,1,1,2,5,5,3,3,2,2,4,4,4,2,2,6,6,6,5,6,6,1,4,4,4,5,6,1,1,7,6,6,7,1,4,4,6,5,5,6,7,7,3,5,1,It looks like an easy to use organizer. My perception is positive; I just don't see my using the website in the near future as I have no events that need this kind of organization.
1,1,1,2,7,6,6,7,7,7,6,7,6,7,6,7,6,7,7,6,3,3,4,4,6,7,6,6,6,6,6,7,7,4,4,5,6,5,5,5,7,5,6,6,6,7,7,6,7,5,4,4,6,7,7,6,6,7,6,7,7,7,2,4,1,It seems like a really useful tool that i'd like to know more about and jump into
2,2,2,2,6,6,6,6,6,6,6,6,6,6,5,6,5,5,5,6,4,5,5,4,6,6,5,4,4,4,6,6,5,4,4,6,6,6,6,6,6,6,5,5,5,6,6,5,6,7,4,6,6,6,6,5,6,4,5,6,7,6,2,5,1,I sometimes have a lot to do around the house and other personal items that I want to keep track of and I think Trello could help me sort those things out in my mind.
4,3,3,4,5,5,4,4,5,2,2,3,4,3,4,4,2,1,1,1,1,1,1,3,6,6,6,1,1,1,4,4,4,4,4,3,2,3,3,2,2,4,5,5,4,4,4,1,1,4,4,4,5,5,5,4,1,1,1,7,7,7,1,5,1,Looks alright for organizing but that's it.
4,6,4,4,6,6,6,7,5,3,4,4,4,4,4,4,4,5,4,5,4,5,4,4,6,5,4,5,4,4,6,6,6,4,4,4,4,4,4,5,4,5,5,5,4,6,6,3,4,3,5,5,5,4,4,4,4,4,4,4,4,4,2,5,1,I find Trello to be very amusing. After completing this survey I would go back to Trello website to read more on the usage and benefits to my usage. 
2,2,1,1,7,7,7,7,7,7,7,7,7,7,4,6,5,5,4,5,5,6,6,4,6,6,6,5,5,5,7,7,6,4,4,7,7,7,7,7,7,6,6,5,6,6,7,4,6,7,6,6,6,6,6,6,3,4,4,7,6,6,2,5,2,I think this would be a fantastic planning tool for vacation planning with friends or extended family members. This would help keep track of those who need to book hotels; buy airfare; etc.
2,2,1,1,6,6,5,6,6,6,6,6,6,6,5,6,5,4,4,5,2,2,2,3,6,6,6,5,5,5,5,5,5,3,3,5,5,5,6,5,5,5,5,5,5,5,5,3,6,5,6,6,5,5,5,5,5,5,5,6,6,6,2,2,1,this is first experience learning about and seeing trello in action. it seems like a decent enough program; would need to use hands on for more in depth opinion.
2,2,2,2,6,6,6,6,4,4,5,6,6,6,4,4,4,2,2,4,2,2,2,2,5,5,5,2,2,2,6,6,4,2,2,6,6,6,6,6,6,5,3,2,2,4,4,2,2,6,6,6,6,2,2,5,3,4,4,5,7,7,2,5,2,Trello looks like a great tool that would be wonderful to use if every one in an office agreed to use it and was competent at using it.
2,1,2,2,6,7,5,5,6,5,6,7,6,6,6,4,6,3,2,5,2,4,3,4,6,5,3,4,4,3,5,6,5,4,4,6,6,5,6,6,6,5,4,5,4,6,6,4,6,6,7,6,6,5,5,5,5,4,4,7,6,7,2,5,1,"It was generally positive. It looks fun and approachable. It looks modern and useful. I like the visual organization aspects.
I think it could do a better job of differentiating itself from existing products - Why is this new and different? Why is this better; worth the cost?
It does look a little bit cluttered and maybe not as intuitive as it could be; but I would have to actually use it to form a more accurate evaluation."
1,1,1,1,7,7,7,7,7,7,7,7,7,7,7,7,6,6,4,6,4,4,4,4,7,7,5,4,4,5,7,7,7,4,4,7,7,7,7,7,7,7,7,7,7,7,7,6,6,7,7,7,7,6,6,6,3,3,3,7,7,7,4,5,2,It looks very useful
2,2,1,1,6,5,4,5,5,5,5,5,7,7,6,7,4,1,1,6,2,2,2,2,6,6,5,2,2,2,4,4,4,2,2,7,7,7,7,7,7,5,4,4,4,5,5,2,4,7,7,7,7,4,4,4,5,4,4,5,7,7,2,5,1,It seems like it might be useful for complicated and large projects involving a lot of people but rather pointless for smaller things.  Like planning a party example in the video it seems rather silly to use it for that.
2,1,1,1,7,6,7,6,6,6,7,7,6,7,4,4,7,7,6,7,3,3,4,4,7,7,7,4,5,4,6,6,5,4,4,7,6,7,7,7,7,6,4,5,5,7,7,3,4,5,7,6,6,5,5,5,3,3,3,7,7,7,3,5,2,I could see myself wanting to use this for personal projects - almost more like a way to reach long-term goals.  I could see myself trying the free version for this purpose (I have a tendency to like organizational tools/lists/etc)
6,2,1,2,4,6,3,2,3,6,6,5,6,6,5,4,2,1,1,2,2,2,2,2,1,1,1,1,1,1,3,3,3,2,2,6,5,5,4,4,6,4,3,4,3,5,5,1,2,5,5,7,7,3,3,3,6,5,5,6,1,7,2,5,1,It seems useful if you were in a social circle or a employment team who used it.   Or maybe if you were a very organized person that enjoys planning everything.
3,3,4,2,6,6,6,5,6,6,5,6,6,6,5,5,6,4,3,6,4,4,4,4,6,5,5,5,5,5,5,6,5,4,4,6,6,6,6,6,6,6,6,6,6,5,6,4,4,6,6,6,6,5,5,5,5,4,4,6,6,6,2,3,1,I think it's a decent idea but it's not a very novel one. It seems simple enough though so it has that going for it.
1,1,1,1,7,7,7,7,7,7,7,7,7,7,7,7,4,3,4,5,1,4,4,4,7,7,7,5,5,5,7,7,7,4,4,7,7,7,7,7,7,7,5,5,4,6,7,3,5,7,7,7,7,5,5,6,1,1,1,7,7,7,1,4,1,I perceive Trello as a very useful tool for programmers; specifically for large projects in large teams. The tools used will definitely help too coordinate actions among a large team. However; the idea of using this to plan events is a bit over the top. You don't really need to give people that much access or tools for something so mundane.
2,2,2,2,6,6,6,6,6,6,6,6,6,6,6,6,4,4,4,5,4,4,4,4,5,5,4,5,5,5,6,6,6,4,4,6,6,6,6,6,6,6,6,6,5,6,6,5,5,6,6,6,6,6,6,6,4,4,4,6,6,6,4,5,2,I liked the layout and it looked very easy to use and share with others.
1,1,2,2,7,6,6,7,6,7,7,7,7,7,5,7,7,6,5,7,5,4,4,3,5,5,5,5,5,5,6,6,5,3,3,5,5,6,6,5,5,7,6,6,5,6,7,5,6,6,7,7,7,6,6,7,7,7,7,6,6,7,1,4,1,I found that Trello allows team members to communicate efficiently and effectively. It seemed like it had a lot of features that could take some time to learn; but when you learn them all you can save a lot of time and be organized.
2,2,2,2,6,6,7,6,6,6,5,5,6,6,5,4,5,4,4,6,6,6,6,4,5,5,4,4,4,4,7,6,6,4,4,6,6,6,5,6,6,7,6,6,6,6,6,5,5,6,4,5,6,6,6,6,6,6,6,6,6,6,4,6,2,I think it would be useful at work - we work on committees and I could see us using this to make sure things get done and easily assign tasks to people.
4,2,2,3,2,3,2,4,3,2,2,4,3,5,2,2,4,3,2,2,2,2,4,4,4,3,3,3,2,4,4,2,2,3,4,3,5,3,5,2,2,2,5,3,2,2,2,4,2,5,2,3,5,4,4,2,4,2,4,5,2,4,1,5,2,I dont know what it is
2,1,1,1,7,7,7,7,5,6,6,6,6,6,5,6,5,5,5,5,2,3,2,4,5,5,5,4,4,4,7,7,7,4,4,6,6,6,6,6,6,6,6,6,5,6,6,5,5,6,7,7,6,5,5,5,5,5,5,7,7,7,3,5,1,Trello looks like it would be fun to use and could make projects more manageable or at least be able to help you track your project's progress.
2,2,2,2,6,6,4,6,6,6,6,6,6,6,6,6,2,2,2,2,2,2,2,4,6,6,4,2,2,2,4,6,4,4,4,6,6,6,6,6,6,5,5,5,5,6,6,2,2,6,6,6,6,5,5,5,5,5,5,6,6,6,1,5,2,I think if you were using it to plan a part or an event with others; it would be really helpful. It would also have some uses at home as far as family to-do lists. It seems like it would be a great help.
5,7,7,3,7,7,7,7,7,7,7,7,7,7,7,5,7,7,7,7,3,3,3,3,7,6,5,4,4,4,7,7,7,3,3,7,7,7,7,7,7,6,7,7,7,6,7,6,6,7,5,4,5,7,7,7,5,5,5,7,7,4,1,4,1,I think that it is an awesome idea; my wife could really use this; in everything she does. She has paper notes all over the place of the things she wants to get done. 
1,1,1,1,6,7,7,7,7,6,7,7,7,7,5,5,6,3,4,5,6,6,6,5,7,7,7,5,5,5,7,7,6,5,5,7,7,7,7,7,7,6,7,6,6,6,6,4,5,6,7,7,7,7,7,7,6,6,6,7,7,7,2,5,1,I think it's a great tool to improve efficiency in daily tasking.
1,1,1,1,6,7,7,5,6,7,7,7,7,7,6,7,5,3,5,6,4,4,4,2,7,7,3,1,1,1,5,6,7,3,3,7,7,7,7,7,7,6,7,7,7,7,7,5,6,7,7,7,7,7,7,7,5,5,5,7,7,7,1,5,1,It seems fun and modern
6,3,3,4,4,5,4,4,4,5,3,3,5,4,4,3,2,1,2,3,4,4,3,3,4,4,4,3,3,3,4,4,4,3,3,5,5,5,5,4,5,4,4,5,4,4,3,3,3,3,3,4,3,4,4,5,3,4,4,2,5,5,2,5,1,It is design to help organized personal or work projects
3,3,3,3,7,7,6,6,6,6,6,6,5,5,5,5,4,4,4,5,4,4,4,3,5,5,3,5,5,5,7,7,7,3,3,5,5,5,5,5,5,6,5,5,5,6,6,5,5,6,5,5,4,5,5,5,5,6,6,5,4,4,2,5,2,It would be a great planning tool
1,1,1,1,5,5,5,5,6,2,6,6,6,6,5,5,3,3,1,5,1,4,4,4,4,4,1,4,4,4,5,5,5,4,4,5,5,5,5,5,5,4,5,5,5,5,5,4,4,6,7,7,7,5,5,5,3,3,3,7,7,7,3,5,1,I think it is a good tool for getting organized.
5,4,4,4,6,5,6,6,5,4,5,5,5,6,6,5,4,3,4,4,4,5,4,5,5,5,4,5,5,5,5,6,6,5,5,5,5,6,5,4,5,5,6,6,5,5,5,5,5,5,5,4,4,5,4,4,5,5,5,5,5,4,4,1,2,Is good; i like it. Works easy
7,6,7,4,3,3,4,4,3,1,3,2,2,3,2,4,2,3,1,3,3,2,4,2,5,7,6,2,3,4,2,3,4,3,2,3,2,2,3,2,4,1,3,2,2,2,3,4,2,4,2,2,4,1,2,2,1,2,2,4,2,2,2,5,1,it was too vague
3,3,3,2,7,6,6,7,7,7,3,5,6,6,6,4,6,6,6,6,3,3,3,6,7,7,7,5,5,5,6,6,5,6,6,6,6,6,6,6,6,7,7,7,7,7,7,7,7,5,5,5,6,7,7,7,6,6,7,6,6,4,2,5,1,I do not have experience with Trello. I do plan on exploring and testing it. I feel that I would use this everyday.
1,2,1,1,6,6,6,6,6,7,7,7,7,7,5,5,3,2,1,6,1,1,1,1,5,6,3,2,1,2,6,6,6,2,1,6,6,5,5,6,6,5,6,6,6,6,7,1,1,6,7,6,7,6,6,5,6,6,6,6,7,7,3,5,2,Very cool. I would like to use but I know my friends and co-workers would not use Trello. 
6,6,6,2,6,6,6,6,6,6,6,6,6,6,6,6,6,6,6,6,6,6,6,6,6,6,6,2,2,2,6,6,6,6,6,6,6,6,6,6,6,6,6,6,6,6,6,5,5,6,6,6,6,6,6,6,6,6,6,6,6,6,4,5,1,It seems something worth using.
1,1,1,1,7,7,7,7,7,7,7,7,7,7,7,6,6,5,5,7,4,4,3,6,7,7,5,6,7,7,7,7,7,5,5,7,7,7,7,7,7,6,7,7,6,7,7,5,6,7,7,7,7,5,6,6,7,7,7,7,7,7,3,5,1,"I could definitely use a tool like this to keep up with my projects; I'm a web developer and it would be highly useful to keep track of what I'm working on. It seems very easy to use and has a great logical flow to it. I really liked how simple it is and it does not require on to be a ""rocket scientist"" to figure out this software! The subscription price was really inexpensive as well!"
2,1,1,1,5,4,5,4,5,7,7,4,7,7,2,7,4,2,1,5,1,1,1,1,7,7,5,1,1,1,5,4,6,1,1,7,7,7,7,7,7,2,1,1,1,4,4,1,1,7,7,7,7,1,1,1,6,4,4,4,7,7,1,4,1,The software doesn't seem that appealing; but primarily because I don't like organizational tools that are heavy on GUI. I could imagine that it could be useful for teamwork; and I think it should probably be heavily sold that way.
2,4,4,3,2,2,2,2,5,5,4,4,5,5,5,5,5,2,2,5,4,4,2,4,4,4,2,2,2,2,2,2,2,4,4,4,5,5,5,5,5,2,3,4,3,5,5,2,2,5,5,5,5,2,2,2,5,5,5,5,5,5,2,5,2,it seems like a productive innovative idea
1,1,1,1,7,7,7,7,6,6,6,6,6,6,6,6,7,7,7,7,4,4,4,6,6,6,5,6,6,6,7,7,7,6,6,7,7,7,7,7,7,6,6,6,6,7,7,6,6,7,7,7,7,6,6,6,5,5,5,4,4,4,3,4,2,It seems highly professional
1,1,1,1,7,7,7,7,7,7,7,7,7,7,7,7,7,7,7,7,4,4,4,4,7,7,7,7,7,7,7,7,7,4,4,7,7,7,7,7,7,7,7,7,7,7,7,7,5,7,7,7,7,7,7,7,7,7,7,7,7,7,3,5,2,I have not seen Trello prior to today. My perception of Trello is that it would be perfect for me. I enjoy making To-Do lists and prefer visuals; so it would be great to incorporate the two as well as utilize the many other features Trello offers. It left me with a great overall feeling regarding using the program; not to mention it looks pretty easy to pickup and understand.
2,2,1,1,7,7,7,7,7,6,1,2,7,7,6,5,6,4,5,6,4,4,4,4,5,4,5,4,4,4,6,6,5,4,4,6,6,6,6,7,6,6,6,6,6,7,7,7,7,6,5,6,7,6,7,7,4,5,6,7,7,3,2,5,2,It seems it could be very productive when working on group projects; not only for work but could also be useful in schools. 
3,2,2,3,7,7,7,7,7,6,6,6,5,6,4,5,6,5,5,6,4,5,3,5,6,7,5,5,5,4,6,7,6,4,6,6,6,6,6,7,7,7,5,6,6,7,7,6,6,6,6,6,6,5,6,6,5,6,5,7,7,6,1,5,1,I have never seen Trello before; but it interest me and I can absolutely see its use.  It seems to be user-friendly with a sleek design.  I am a high school business teacher and I could absolutely see students using it to collaborate on group assignments or projects.
1,1,1,1,7,7,6,7,7,6,6,6,6,6,4,6,5,4,4,6,4,4,4,5,7,7,6,5,5,5,6,6,6,5,5,6,6,6,6,6,6,6,6,6,6,7,7,5,6,6,6,6,6,6,6,6,5,5,5,7,6,7,3,5,1,It looked like a very easy to use tool to organize projects.
2,2,2,2,7,7,6,6,6,6,6,6,5,6,4,5,3,2,2,4,4,4,4,4,5,5,2,3,4,3,6,7,6,4,4,5,5,6,7,5,5,6,5,5,5,6,6,5,5,6,5,6,5,5,5,5,5,5,5,7,7,7,2,5,2,Seems like a great tool for planning any event.
1,1,1,1,7,7,7,7,7,7,7,7,7,7,4,5,7,7,7,7,2,2,2,4,3,3,3,6,6,6,6,6,6,4,4,6,6,6,6,6,6,7,7,7,7,7,7,6,7,7,7,7,7,7,7,7,6,6,6,7,7,7,4,4,2,"I use Jira; which is not very visual; so that was my main point of comparison.  Trello can't do everything Jira does; but for purely list based/""check off the box"" work; business or personal; I can see it being really useful.  I keep lists of to dos; and keeping them organized is a challenge.  This would make it much easier; and it seems like an easy and visual tool.  I would try it."
1,1,1,1,6,6,5,4,7,7,7,7,7,7,7,7,1,1,1,2,1,4,1,4,7,7,6,2,2,2,5,6,5,4,4,7,7,7,7,7,7,7,6,6,6,6,7,4,5,7,7,7,7,6,6,6,5,4,4,7,7,7,2,5,1,
3,2,2,1,5,5,4,3,5,5,5,6,6,5,4,5,4,1,1,3,2,3,2,2,5,5,5,1,1,1,4,5,3,2,2,6,6,6,5,5,6,3,3,3,2,4,4,1,3,6,6,7,6,3,3,2,4,3,3,6,7,7,2,5,1,It is appears to be a good quality productivity tool that would appeal to people who use similar tools.
3,3,2,3,6,6,6,5,6,6,5,5,6,6,4,3,4,2,2,4,4,4,3,2,5,5,6,4,4,4,5,5,4,2,2,5,5,5,4,5,5,4,4,3,4,6,6,3,4,6,7,7,6,3,3,4,5,5,5,7,7,7,4,5,1,It looks interesting and useful; but I tend to learn a few core features of software and use only those. So I don't know I'd get the full benefit of Trello.  
2,3,3,3,6,5,5,5,5,5,5,5,5,5,5,4,4,1,1,4,4,4,1,4,5,5,4,4,1,1,5,5,4,4,4,6,6,6,7,6,6,4,4,3,3,5,5,4,4,6,7,7,7,4,4,4,6,4,4,6,7,7,1,5,2,It looks like a potentially useful tool but most so when many people are using it together.
1,1,1,1,7,7,7,7,7,7,7,7,7,7,4,6,7,4,5,7,5,5,4,3,7,7,7,3,4,3,7,7,5,4,4,7,7,7,6,7,7,7,6,7,6,7,7,5,7,7,7,7,7,5,4,6,5,5,5,7,5,3,2,5,2,It looks so easy to use and like a great interactive way to share projects; track what everyone thinks and is working on. Most importantly it seems really easy to share and make sure everyone has access to all relevant details.
1,1,1,1,6,7,6,6,7,7,6,6,7,7,7,7,5,4,4,6,2,1,2,6,6,6,4,4,4,4,6,6,6,6,6,7,7,7,7,7,7,6,7,7,7,6,6,5,6,7,5,6,6,7,7,7,7,7,7,7,7,7,2,5,2,I think Trellis allows you to be more organized when planning events.
2,2,2,2,6,7,5,6,6,5,6,5,5,5,5,6,6,3,3,6,3,3,3,6,6,6,2,5,5,5,5,6,5,6,6,6,5,5,5,5,6,6,5,5,5,5,5,5,5,6,6,6,6,5,5,5,4,4,4,6,6,6,3,4,2,I haven't used Trello but based on the videos I watched and the website I can see the appeal; it looks almost game like or social media like; very visual
5,5,3,3,6,6,5,6,6,6,6,6,5,5,5,5,5,5,5,6,5,5,4,5,5,6,5,6,6,6,5,4,6,5,4,5,5,6,5,6,6,6,6,6,6,5,5,6,6,5,5,5,5,6,6,6,6,6,6,6,5,6,1,4,1,very easy to use and keep track
2,2,2,2,4,3,3,3,4,5,5,6,6,6,4,4,2,2,2,4,4,4,4,2,5,5,3,2,2,2,3,2,3,2,2,6,5,5,4,5,3,3,2,3,2,4,5,4,2,6,4,4,6,2,2,2,2,1,2,4,6,6,3,5,1,Seemed ok; but nothing related to fun. It seemed like work to input the items. I guess I just don't see value in it without the specific example in the video with the party; and even that really did not seem like it was worth the effort. Easier to pick up a phone. 
2,2,2,2,6,6,6,6,6,6,6,6,6,6,4,6,5,4,4,5,2,2,2,4,6,6,3,5,5,5,6,6,6,4,4,6,6,6,6,6,6,6,6,6,6,6,6,6,6,6,6,6,6,6,6,6,3,4,4,6,6,6,1,4,1,I think it is simple; yet creativity. There is no doubt that it can help people organize and multitask better.
2,2,2,2,6,6,6,6,6,6,6,6,6,6,6,6,6,4,4,6,2,2,2,3,4,4,3,5,5,5,6,6,6,3,3,6,6,6,6,6,6,6,6,6,6,6,6,6,6,6,6,6,6,6,6,6,6,6,6,6,6,6,5,5,1,I like it a lot as it seems very easy to use and extremely helpful.
2,1,1,1,6,7,5,5,6,5,5,6,7,7,7,7,4,3,3,3,2,1,4,2,6,6,6,2,1,2,5,5,5,4,4,7,7,7,7,7,7,5,5,5,5,5,6,4,4,7,7,7,7,5,5,6,1,1,1,7,7,7,2,5,2,It looks like it might work fine; but Google suites are too convenient. I can do the same there for free.
4,2,2,3,6,7,6,6,6,5,6,6,6,5,4,5,6,6,5,6,2,4,4,4,6,7,5,4,2,2,7,6,6,4,4,6,5,6,6,5,5,6,7,7,6,6,6,4,5,5,6,6,6,7,6,6,6,7,6,7,7,7,1,3,1,It reminds me of facebook and it seems very user friendly. I like how you can try it for free before purchasing the subscription.
2,1,1,2,6,7,7,7,6,6,7,7,6,6,5,6,6,4,4,6,5,5,4,5,6,7,5,7,6,6,7,7,6,6,6,5,5,6,6,5,6,7,6,7,7,7,7,6,7,7,7,6,6,7,6,7,5,5,6,7,4,4,3,2,2,Trello looks great for work projects and personal projects of mine. It looks very easy to use; it seems very user friendly and understandable. 
5,5,5,2,6,7,6,6,5,5,4,5,5,5,3,5,3,2,2,2,2,2,1,3,7,7,7,4,4,4,6,5,5,4,2,5,5,5,4,5,5,5,5,4,4,5,5,4,5,5,4,5,5,3,3,5,6,6,6,6,7,7,3,4,2,It looks like a fine productivity tool but I don't see any exceptional aspects of it that similar products don't have.
2,3,3,2,5,6,5,5,6,6,6,5,6,5,5,6,4,3,3,5,2,3,3,5,5,6,5,2,2,2,5,6,5,5,5,5,5,6,6,5,5,6,6,6,5,6,6,5,6,5,6,6,6,6,5,6,6,6,6,6,6,6,2,5,2,It just seems like a program that will easily organize all different types of tasks.
2,1,2,1,6,6,5,5,6,6,6,6,7,7,4,7,3,2,1,4,2,2,1,1,6,6,6,2,2,2,5,5,5,1,1,7,7,7,6,7,7,5,5,5,4,5,5,1,1,7,7,7,7,5,5,5,4,4,4,7,7,7,2,5,1,Trello looks like a way to delegate both social and professional tasks among my friends or coworkers. I have not personally used it or even heard of it before this study so my opinion is based solely on the video and official website.
2,2,2,2,6,6,4,4,6,6,6,6,6,6,4,4,5,4,5,5,2,2,2,2,6,6,5,2,2,2,4,4,4,2,2,6,6,6,6,6,6,6,5,5,5,6,6,3,4,6,6,6,6,5,5,5,6,6,6,5,6,6,1,5,1,It's a productivity tool that allows you to efficiently manage many tasks through a easily navigable interface; which of course; would take some practice to get accustomed to.
2,2,2,3,5,6,6,5,6,6,6,6,6,6,5,5,6,6,6,6,5,5,5,5,6,6,5,4,3,3,6,6,6,6,6,5,5,6,6,5,5,5,5,5,5,6,6,5,6,5,6,6,4,6,6,6,5,5,5,7,7,7,4,5,1,It seems to be a useful tool for at least some things like planning parties or arranging events. I do scheduling for a living but I'm struggling to find a way to use Trello instead of Outlook to do my work. 
3,6,5,5,5,7,6,6,6,5,7,7,7,4,6,3,3,6,5,5,6,4,5,7,6,4,5,4,6,6,5,7,6,6,7,6,5,7,7,3,7,7,7,4,6,5,7,6,3,7,4,6,6,5,3,7,5,7,6,6,7,7,2,5,1,I heard that it was good and nice to use.
3,5,3,3,5,5,6,5,4,4,4,4,4,5,2,5,5,5,4,4,2,2,1,5,5,5,6,2,2,2,5,5,6,3,3,5,5,5,4,6,5,5,4,4,3,6,6,1,1,6,5,6,5,3,3,4,4,3,3,6,7,7,3,4,2,A productivity tool for planning events with others. It seems like fun; but more trouble than it's worth.
1,1,1,1,6,7,7,7,5,6,6,6,7,6,6,6,6,6,7,6,4,4,4,6,7,6,6,6,6,6,7,6,6,4,5,7,7,7,7,7,7,6,6,7,6,6,7,7,6,7,6,7,6,5,5,6,5,5,5,7,4,4,3,4,1,it looked like fun and helpful tool
2,3,2,1,6,6,6,5,5,5,4,5,7,7,4,6,4,4,4,4,1,1,1,2,5,5,4,3,3,3,5,5,5,2,2,6,6,6,5,6,6,5,4,5,4,6,5,1,4,7,7,7,7,4,4,5,4,4,4,6,7,7,2,5,2,never heard of it before today!
2,2,2,2,6,6,5,6,6,6,6,6,6,6,5,5,4,2,3,4,2,2,1,3,6,6,5,3,3,3,5,6,5,3,2,6,6,6,6,6,6,6,6,6,5,6,6,3,5,6,4,5,7,5,5,6,6,6,6,7,7,7,1,5,1,
1,1,1,1,5,5,3,4,7,7,7,7,7,7,7,7,1,1,1,7,1,4,1,4,7,7,7,1,1,1,3,3,3,4,4,7,7,7,5,7,7,1,1,2,1,3,4,1,1,7,7,7,7,1,2,2,4,4,4,7,7,7,3,5,1,It seems well done but impractical in actual real life scenarios.  I give it points for organizing information but the sheer amount of work needed to upkeep it would actually make my processes more inefficient; slower.
1,1,1,1,5,5,2,3,5,6,5,3,7,6,5,6,5,1,5,6,1,1,1,2,7,7,3,1,1,1,2,3,3,3,3,7,6,7,6,7,6,3,3,2,3,6,6,1,5,6,7,7,6,2,2,2,2,3,2,5,7,7,4,5,1,It seems like a combination calendar and checklist. Seems OK; but I already have both
1,2,1,2,6,7,6,7,7,6,6,6,7,6,6,5,6,4,4,6,5,4,4,5,7,7,7,5,5,5,6,6,5,4,4,6,6,6,5,6,6,7,5,7,6,6,6,4,6,7,4,6,6,6,6,5,6,5,5,7,5,7,1,3,2,I briefly used Trello in the past when working for a gaming news site that used it to plan and assign tasks. I generally liked the workflow of it and the ease of seeing the current state of projects. The video showed some new features and I am now considering using Trello again to increase my productivity for my own tasks and projects.
1,1,1,1,7,6,6,7,7,7,7,7,7,7,6,6,7,1,1,7,2,2,2,4,6,6,5,6,6,7,7,7,5,4,4,6,6,7,7,7,7,7,7,7,7,6,6,7,7,7,4,7,7,7,7,7,3,4,4,7,7,5,1,3,1,I think that it's a great personal management tool and it would allow people such as myself to keep up to date's in regard's to tasks that need to be completed and any upcoming event's that I need be aware of along with any personal note's that I would like to take. 
5,4,4,4,3,3,4,2,4,3,4,4,3,4,4,4,4,4,3,4,4,4,4,4,3,5,5,1,1,1,3,4,4,3,4,4,3,4,4,4,4,3,4,4,3,3,4,4,4,3,4,4,4,3,4,4,3,4,4,3,4,3,1,6,1,It seems like something that would be of use to some; but I don't feel I'd have the time nor need to benefit from using it on anything I'm doing currently (i.e.; it doesn't exactly suit my needs or I don't find it particularly useful to me).
1,1,1,1,6,6,6,6,6,6,6,6,6,6,6,6,6,6,6,6,4,4,4,4,6,6,6,6,6,6,6,6,6,4,4,6,6,6,6,6,6,6,6,6,6,6,6,6,6,6,6,6,6,6,6,6,5,5,5,6,6,6,2,5,1,Great little tool that helps complete projects.
2,1,1,2,7,6,5,6,6,6,4,4,5,6,4,5,7,7,6,6,1,1,1,1,6,7,5,6,6,6,5,6,5,1,1,6,5,6,6,7,6,6,5,5,5,5,6,3,5,6,4,4,7,6,4,5,3,3,4,7,3,5,2,5,2,Trello looks like something that would be very useful in my everyday life.
2,2,2,2,6,7,6,6,7,7,7,7,6,6,6,5,5,3,3,5,2,2,2,6,7,7,6,3,3,3,4,5,4,6,6,7,7,7,7,7,7,6,6,6,6,6,6,6,6,6,6,6,6,6,6,6,5,6,6,5,6,6,1,6,2,It's very clean and useful for managing project info.
2,2,2,2,5,6,6,5,6,6,6,6,6,6,5,6,6,2,2,5,5,5,4,5,5,5,5,2,2,2,5,5,5,4,4,6,6,6,6,6,6,6,6,5,5,6,6,6,6,6,6,6,6,6,5,6,5,5,5,6,7,6,1,2,2,I think it's a good tool as long the rest of your team is using it too.
3,3,3,3,5,5,5,5,5,5,5,5,4,4,5,4,5,5,5,5,4,5,5,4,6,6,6,4,4,4,6,6,6,4,4,5,5,5,5,5,5,5,5,5,5,4,4,4,4,5,5,5,5,5,5,5,4,4,4,5,4,4,2,5,1,It looks like a great tool.
1,5,5,2,6,6,5,6,6,5,5,5,4,6,5,2,6,3,5,6,4,4,3,3,5,5,5,6,6,6,6,5,4,3,3,5,5,5,5,5,5,6,5,5,5,5,4,5,5,6,5,4,4,5,5,5,3,3,3,6,6,5,4,4,2,I've never used Trello; but I like the visual of it.  I like how it seems easy and efficient to manage projects.  I do however think that $10 a month is excessive.  I would pay $5.00.  I also forgot to mention that I also use WorkFlowy as well as Evernote.  I will definitely check this out and try it out.  
2,1,1,1,7,7,7,7,7,7,7,7,6,6,2,6,6,5,5,7,2,2,2,6,7,7,7,6,6,6,7,7,7,6,6,7,7,7,7,7,7,7,7,7,7,6,6,6,7,7,7,7,6,7,7,6,6,6,6,6,7,7,2,4,2,Looks easy to use and a lot of fun to organize projects and see how they are progressing
2,2,2,2,6,5,5,6,5,6,6,6,6,6,4,4,4,3,3,4,2,2,2,2,6,6,5,4,4,4,5,6,6,4,4,6,6,5,5,6,6,5,4,4,4,5,6,4,5,6,6,7,6,4,5,4,6,5,6,7,6,6,2,5,1,It looks like a modern day productivity tool. It looks very streamlined. If I had a strong need for it; I might consider it. 
5,2,2,5,6,5,5,6,6,5,5,5,6,6,5,3,4,3,2,5,2,2,2,2,6,6,4,3,2,2,5,5,5,2,2,6,5,6,5,6,6,5,4,5,3,5,6,3,5,5,7,7,4,5,5,4,6,4,4,5,7,7,2,1,1,Trello looks easy to use; and perhaps useful; but I would struggle to convince others to use it too.
4,3,5,6,3,2,3,4,5,3,4,3,5,3,6,6,4,3,5,6,3,2,3,2,3,5,5,3,5,4,5,6,5,5,3,3,4,3,2,4,5,4,3,5,6,5,6,6,6,5,6,5,4,5,4,5,5,4,5,5,4,4,2,5,2,
2,2,2,3,7,5,7,6,5,4,6,5,5,6,6,5,6,7,7,6,4,6,5,5,6,5,5,6,7,7,7,6,6,5,6,6,7,7,6,7,7,6,5,6,6,7,7,5,6,7,7,7,6,4,5,6,5,5,5,6,7,7,1,2,2,It's a networking site to help plan schedules; events; and sharing calendars. 
3,5,3,3,6,6,5,6,6,6,6,5,6,6,4,5,3,2,3,3,2,3,1,3,2,2,1,3,3,3,5,5,3,4,3,6,6,6,5,6,6,3,3,2,2,6,6,2,2,6,6,5,5,2,2,3,5,5,5,7,7,6,5,5,2,This seems like a useful tool for those with multiple tasks to organize. It is cleanly laid out and organized for easy use. The instructions are exceptionally simple to follow.
3,2,2,2,6,6,5,5,5,6,6,6,6,6,6,6,4,2,3,5,4,4,4,4,5,5,3,4,4,3,5,5,5,4,4,5,5,6,5,5,5,5,5,5,5,5,6,6,6,6,6,6,6,5,6,5,5,5,5,6,6,6,2,2,2,It seems like a useful planning tool. 
1,1,1,1,7,7,7,7,7,7,7,7,7,7,7,7,5,1,1,7,7,7,6,7,7,7,7,7,7,7,5,5,5,7,7,7,7,7,7,7,7,7,7,7,7,7,7,7,7,7,7,7,7,7,7,7,5,5,5,7,7,4,2,4,2,I think itâ€™s a great idea and very useful.
3,2,2,2,4,5,5,4,4,5,5,5,5,5,4,6,4,3,3,5,2,2,2,2,2,2,1,2,2,2,5,5,4,2,2,6,6,6,6,6,6,4,3,4,3,4,5,4,4,6,6,6,6,4,4,4,5,5,5,5,6,6,2,5,1,It has a nice user interface and everything; and might be useful to some people; but I don't really think it would apply to my own projects; or that it would actually save me any time.
1,2,2,1,6,7,7,7,6,7,4,6,6,6,7,6,6,4,5,7,4,6,5,6,6,6,6,5,5,6,7,7,6,6,6,7,7,7,7,7,7,7,7,7,6,6,6,6,6,6,7,6,7,7,7,6,6,4,4,6,4,4,2,5,2,I has been looking for something like this to use for work and among people that I work with; and this really looks like a GENIUS option! I love the features of the product and am going to look into the product later on and see if it is a great fit for us. 
1,1,1,1,7,6,6,7,7,7,7,6,7,7,6,6,6,2,3,6,4,4,4,4,7,7,7,7,7,7,6,7,6,4,4,6,6,6,6,6,6,7,7,7,7,7,7,7,7,7,7,7,7,7,7,7,7,7,7,7,7,7,2,6,1,It seems very useful if used consistently.
1,1,1,1,7,7,7,7,7,7,7,7,7,7,7,4,7,7,7,7,3,3,3,4,7,7,7,6,6,6,7,7,7,4,4,7,7,7,7,7,7,7,7,7,7,6,6,5,5,7,7,7,7,7,7,7,5,5,5,7,7,7,2,5,1,So far I have no experience with it; but I think I'll be trying it out very soon. It looks like it would help me to keep plans organized.
3,1,3,2,5,6,5,5,5,4,4,5,6,6,5,5,3,1,2,5,4,4,3,4,3,4,4,1,1,1,5,5,5,4,3,7,5,6,5,6,7,6,5,5,4,4,5,4,6,6,6,6,6,5,5,5,5,5,5,5,7,7,2,5,1,I think it's a a great idea and I would use it if I worked in an environment that I needed it. 
1,1,1,1,6,6,5,6,7,7,1,7,7,7,1,7,5,3,3,6,1,1,1,1,7,7,7,1,1,1,7,7,6,1,1,7,7,7,7,7,7,1,7,7,7,6,7,1,1,7,7,7,4,7,7,7,1,1,1,7,7,7,1,5,2,It looks like it could be useful as a workgroup tool and for social planning. I have no current interest in social planning and am not currently in a workgroup however I imagined using it for work. There was potential there but I would need to see it in a more relevant setting to know what utility it has for my work in the future. I do expect to one day need to collaborate with people in a way that could use a tool like this. 
1,1,1,1,5,5,3,5,7,7,7,7,7,7,7,7,2,1,1,2,3,5,1,4,7,7,6,1,1,1,3,5,2,4,4,7,7,7,6,7,7,5,4,4,5,6,6,2,6,7,7,7,7,5,5,5,2,2,2,7,7,7,2,5,1,i think it could be a useful tool if everyone on the team was engaged and using it.  
5,5,4,5,5,6,4,4,4,3,4,3,5,5,5,5,4,3,3,4,2,2,2,2,5,5,4,2,2,2,5,5,5,2,2,4,4,4,5,4,4,4,5,5,4,4,4,3,3,4,4,5,4,5,4,5,2,2,2,7,7,7,1,5,1,I think Trello isn't the greatest idea but I think it's an ok idea.
2,2,1,2,6,6,6,6,5,5,5,6,6,6,5,5,4,4,3,5,4,4,4,5,5,5,4,4,5,4,6,6,6,4,4,5,5,6,6,5,5,6,5,6,5,6,6,4,4,4,4,4,4,6,6,6,6,6,6,7,4,6,2,5,1,Trello looks like a great program for me to organized my work tasks; and help boost my productivity in my daily work.
1,1,1,1,7,7,6,6,7,6,6,6,7,7,4,6,5,4,4,6,3,3,3,4,6,6,5,5,5,5,6,6,5,4,4,6,6,6,5,5,6,7,6,6,5,6,6,5,7,6,7,7,6,6,6,7,3,3,3,7,7,7,4,5,1,It looks like a good product to me based on the intro video and a quick look at the site.  It is not something I'd use at work (it wouldn't be my decision anyhow); but I can see it being useful for personal or social projects.  The $10 a month seems iffy.  I guess it depends on what the extra features that gets you are.  I can see for someone who uses Trello a lot (especially for work) it would definitely be worthwhile; but for someone just using it for occasional personal projects it seems a bit expensive.
1,1,1,1,7,7,7,7,7,7,7,7,7,7,7,7,7,7,7,7,7,7,7,7,7,7,7,7,7,7,7,7,7,7,7,7,7,7,7,7,7,7,7,7,7,7,7,7,7,7,7,7,7,7,7,7,7,7,7,7,7,7,2,5,2,i have no experience except watching the video and reading the information. it looks really productive and easy to use
4,5,4,4,5,4,5,4,4,5,4,5,5,5,4,4,4,3,4,4,2,4,4,4,6,7,5,4,5,4,5,5,5,4,4,6,4,5,4,5,6,4,5,5,4,4,4,3,4,4,4,4,5,4,4,4,3,3,4,5,4,4,1,1,1,It was more of just testing it out and seeing what it can do but it seems to work good.
2,2,1,1,7,7,7,7,7,7,7,7,6,6,1,6,5,6,6,6,4,4,4,3,7,7,7,2,2,2,7,7,7,3,3,7,7,6,6,7,7,6,6,7,6,7,7,5,6,7,6,4,7,6,6,6,5,6,6,6,7,7,2,5,1,Trello looks really interesting.  I don't have many opportunities to work in a group setting here; but that feature looks really interesting; even for planning a party.  It may also help me to stay on task better :)  I will keep Trello in mind.
3,1,1,3,5,6,5,4,7,7,6,6,5,6,5,6,3,1,2,3,6,5,4,4,5,5,2,2,2,2,5,5,5,4,4,5,6,6,7,6,6,5,5,5,4,5,6,3,4,6,7,6,6,6,6,6,7,6,6,7,7,7,2,5,1,My perception is that Trello will rely on getting everyone that's involved in the group to use the same software and be willing to do so; which is not an easy thing to do.  And if that doesn't happen; it will make the events difficult and confusing to manage.
1,1,1,1,7,7,7,7,7,7,7,7,6,6,6,6,5,5,5,5,4,4,4,6,6,6,6,6,6,6,7,7,7,6,6,6,6,6,7,6,6,7,7,7,7,6,6,5,7,6,6,6,6,7,7,7,6,6,6,7,7,7,5,5,2,I think this would be very useful for personal project. I coordinate with my rather large family all the time for family gatherings. Each person brings something and this could make keeping track so much easier!
2,4,2,2,7,7,6,7,6,6,6,4,6,6,4,4,7,4,4,7,4,4,4,1,4,7,4,6,6,6,6,6,6,1,1,6,6,6,6,6,6,7,4,4,4,6,6,6,6,7,2,2,6,4,4,7,4,4,4,7,6,4,2,5,2,I really like the product. I really like how you can add others and kept track of the task they complete. It doesn't seems as if it will be hard or learn the system. 
2,2,2,2,7,7,7,7,6,6,7,7,5,5,4,5,7,7,7,7,4,5,4,4,4,5,3,5,4,4,7,7,7,4,4,6,6,7,6,5,6,5,5,5,5,6,6,5,5,7,7,7,6,5,5,5,5,5,5,7,7,7,5,5,2,I think Trello would be tremendously helpful in my personal life; such as making plans for going on  family vacations or for family reunions. Probably for me would be more helpful in my personal rather than professional life
2,1,1,1,6,6,6,6,6,6,6,6,6,6,6,6,5,4,4,5,4,4,4,6,6,6,4,4,4,4,6,6,5,6,6,6,6,7,7,7,6,5,5,5,5,5,6,5,5,4,4,4,4,5,6,6,5,5,5,6,6,6,3,5,2,I believe it would be useful for me to use. It appears user friendly and would help with my productivity. 
1,1,1,1,6,6,7,6,6,5,5,5,5,6,5,7,3,3,2,5,1,1,2,3,6,7,5,3,3,2,5,6,6,2,2,6,5,6,7,6,5,5,5,6,5,7,7,2,5,7,5,5,7,5,5,6,5,6,5,7,6,7,3,5,2,I think it seems like a great service; but I don't really do a lot of planning right now that would cause me to need to use it.
1,2,2,1,6,7,5,6,5,7,7,6,6,6,4,5,6,3,3,5,5,5,3,3,7,7,6,3,2,3,4,5,3,4,4,6,7,6,5,7,6,6,5,6,3,5,6,4,6,6,6,6,6,5,5,6,6,6,6,7,7,7,1,5,1,It looks like a really cool tool to be able to track progress on more complicated long term projects.
2,2,2,1,6,4,4,5,6,7,4,5,5,5,4,6,5,2,2,5,2,3,2,4,5,4,3,4,4,3,4,4,3,3,3,6,6,6,5,7,6,6,4,4,4,6,6,4,6,6,7,7,6,3,5,6,4,5,5,5,6,6,2,3,2,It seems like a Kanban board; digitized for the most part. Therefore; its productivity is built in because those have been effective. What it adds is a way for other people to be in it and to see the status of their tasks; which is nice. The video showed the ease with which you can attach other things (like checklists) to each item; so there is a way to expand and add due dates; so overall it seems like a value-ad on independent or group projects.
3,3,4,3,6,6,6,6,5,6,6,6,5,5,4,4,5,4,4,5,4,3,4,4,5,6,4,4,4,4,6,6,6,4,4,6,6,5,5,5,6,6,5,6,6,6,6,5,5,5,6,6,6,5,5,5,6,6,6,6,3,5,4,5,2,I thought it looked like something that would be useful in my job. If there was a project; assignments could be displayed and marked off when completed.
3,3,3,2,6,7,7,7,6,6,6,6,6,6,6,6,5,4,4,5,4,4,5,4,7,7,7,4,2,2,6,6,6,4,4,6,6,6,6,6,6,6,6,6,6,5,5,5,5,6,6,6,6,6,6,6,4,4,5,6,6,6,2,5,2,I do think that it's quite an innovative production management tool. I can see myself utilizing and benefiting from the software if the price is reasonable.
2,2,2,2,6,5,5,5,4,5,4,4,6,6,4,4,4,5,2,2,4,3,4,2,4,4,3,3,2,2,4,5,3,2,2,6,6,6,5,4,5,5,4,3,4,6,6,3,4,5,5,5,4,3,4,5,2,2,2,6,7,6,2,2,2,Seems useful; but there are similar resources on the internet that are free.  I wouldn't pay for this service.
3,3,2,2,7,7,7,5,7,6,6,7,6,7,6,7,5,5,5,6,4,4,2,4,5,6,3,6,6,6,7,7,6,4,4,7,5,6,6,7,7,6,6,6,6,5,5,5,6,7,7,7,7,6,6,6,5,5,5,7,7,7,4,5,1,It seems like a nice tool to manage todo lists and projects.
4,3,3,2,5,5,5,5,4,5,5,5,4,5,4,4,5,7,6,5,4,5,5,5,4,5,5,5,5,5,7,6,5,4,5,5,6,6,7,5,5,5,4,4,5,6,5,5,7,6,7,6,7,5,5,4,5,5,5,5,6,6,2,5,1,It was fun and easy to use. Very intuitive. 
3,3,2,2,6,7,5,6,4,4,5,3,5,5,5,6,5,4,3,3,3,3,1,2,5,5,3,5,5,5,5,5,5,2,2,6,6,6,6,5,6,5,5,6,5,5,5,4,5,4,4,5,5,5,5,5,3,4,4,5,6,5,2,5,1,Trello seems to give good visual status of project progress.
5,2,1,1,5,5,3,3,6,5,6,6,6,5,4,2,4,3,1,1,5,4,4,2,6,6,5,1,1,1,3,4,2,2,1,6,5,5,5,6,5,2,2,4,4,4,4,2,3,4,5,6,4,3,3,3,2,2,2,7,7,7,2,3,1,It seems redundant compared to what I use now.
4,2,2,1,6,4,3,4,5,5,6,6,5,6,4,2,2,1,1,4,2,2,2,2,5,4,3,1,1,1,3,4,2,2,2,6,6,6,5,6,6,2,3,2,3,4,6,1,2,5,5,5,4,2,2,2,2,2,2,7,7,7,2,5,1,It looks useful. However it's seems that it would be used by people who are highly organized; if not obsessed; with planning and making things absolutely perfect. It's good for a business setting but unnecessary; to me; in regular everyday life.
3,2,2,2,4,3,5,4,2,3,3,3,6,6,4,4,5,3,4,5,4,4,4,4,5,6,4,2,2,2,4,4,4,4,4,6,6,6,6,6,6,3,4,4,4,4,4,4,4,6,6,6,6,4,4,4,2,2,2,6,7,7,1,5,2,My experience was that it seems like a cool and nifty thing to use; but not something that I am seeking a solution for problems that I have (seems unnecessary) and that it would actually decrease my productivity levels. Also; the cost seems very expensive to me. $10/month is more than I pay for Netflix.
2,2,2,2,4,4,4,4,4,4,4,4,6,6,4,6,4,3,3,4,2,2,2,2,4,4,4,2,2,2,4,4,4,2,2,6,6,6,6,6,6,4,4,4,4,5,6,4,4,6,6,6,6,4,4,4,5,5,5,6,7,7,3,4,1,It seems fine but not something I'm looking for right now
3,2,2,2,6,6,5,5,5,6,6,6,6,6,5,6,4,2,2,4,3,3,1,4,5,5,3,3,3,3,5,6,5,5,4,7,6,6,6,6,6,5,5,4,5,5,6,3,4,5,7,7,5,5,5,5,3,3,3,7,7,7,1,5,1,It seems like a useful tool to organize and keep track of chores; parties; and duties.
1,1,1,1,7,7,7,7,7,7,7,7,7,7,7,6,7,6,7,7,6,6,6,6,7,7,7,7,7,7,7,7,7,6,6,7,7,7,7,7,7,7,7,7,7,7,7,7,7,7,7,7,7,7,7,7,5,5,5,7,5,5,2,5,2,I think it's an awesome idea. I love how interactive it is- down to being able to change the background to match the theme. I LOVE lists; and make them constantly- I am a visual worker... so this is right down my alley. I think it's great and would help a lot of people; including myself; be more productive.
4,3,4,3,5,6,5,4,6,7,7,6,6,6,4,4,4,3,2,4,4,4,4,4,7,7,6,3,2,1,3,3,3,3,3,4,4,4,5,3,4,6,6,5,5,5,5,4,5,5,6,7,5,5,6,5,6,6,6,7,7,7,3,6,1,cute enough little organizing tool
2,2,2,2,6,6,5,5,6,6,6,6,6,6,4,5,4,2,2,5,2,4,2,4,5,5,2,4,4,4,5,5,4,4,4,5,5,6,6,5,5,5,5,5,5,6,5,5,6,6,6,6,6,5,5,5,6,6,6,6,6,6,3,5,1,"I watched the ""Getting Started with Trello"" as instructed at the beginning of this survey. Trelll as presented does seem to be a useful; productivity-enhancing tool; that's also a good value. "
2,2,2,2,6,6,6,6,6,6,6,6,6,6,6,6,6,5,5,6,4,4,4,6,6,6,6,4,4,4,6,6,6,6,6,6,6,6,7,6,6,6,6,5,6,6,6,4,4,6,6,6,6,5,5,6,4,4,4,7,6,6,2,5,2,I thought this could be interesting to use to help me be organized in planning events.  I'm an unorganized person who uses a lot of lists but I may have one in a planner; one in my notebook; etc.
3,3,3,2,6,7,7,6,6,6,6,5,5,5,4,5,4,4,4,5,3,3,3,4,5,5,4,4,4,4,6,6,6,4,4,5,5,5,6,5,5,5,5,5,5,5,5,5,5,6,5,5,5,5,5,5,5,5,5,7,6,6,4,3,2,Looks interesting and simple to use.  Seems like it would make scheduling things and projects a bit easier to work on and know what everyone has to do; is doing; etc.
2,5,3,3,6,6,6,6,6,6,6,6,5,6,5,6,6,6,5,6,3,3,2,5,5,5,3,5,5,5,6,6,5,5,5,6,6,6,6,6,6,6,6,6,6,6,6,5,5,6,6,6,6,6,6,6,5,5,6,6,6,6,3,6,2,Trello looks like it would be very helpful for people who want to collaborate with others. It would also be fun and lessen communication issues which could take the fun out of collaborating with others.
2,2,1,2,6,7,6,6,6,7,6,6,6,7,4,6,4,2,2,5,2,2,1,4,5,6,5,5,5,6,6,6,5,2,4,6,6,7,6,7,7,6,5,5,6,6,6,4,5,5,6,7,5,5,5,6,3,4,6,7,7,7,4,5,2,I think using Trello is a really intuitive experience. I'm a visual learner; so seeing things being assigned and completed in real time is helpful to me. It seems very well organized and easy to pick up for someone who hasn't used such tools before.
6,3,5,3,5,6,4,5,5,3,4,2,6,6,5,6,4,2,3,5,3,3,2,2,6,5,6,3,2,2,4,6,5,4,2,7,6,5,5,4,5,6,3,4,4,4,5,4,6,5,6,6,4,5,3,4,3,2,5,6,7,7,1,2,2,I like the organization of Trello. BUt I wouldn't want to possibly pay $10 per user if all of my fellow teammates weren't utilizing its potential. Also it may be time consuming to break down all tasks into micro tasks and then make sure everyone is then updating Trello at the same time'
1,1,1,1,7,5,5,6,7,6,7,7,7,7,7,7,4,1,1,6,4,4,1,4,7,7,6,7,7,7,5,6,5,4,4,7,6,7,7,7,7,6,6,5,5,6,7,3,5,7,7,7,7,6,6,6,6,6,6,7,7,7,2,6,1,It looks very comprehensive. I just hope you can select multiple items to add the same attributes so it isn't tedious.  
1,1,1,1,6,6,5,6,7,7,7,7,7,7,6,7,6,2,2,6,2,2,2,4,5,5,4,4,5,4,5,6,5,4,4,7,7,7,7,7,7,6,6,6,5,6,7,3,6,7,7,7,7,5,5,6,3,3,3,7,7,7,2,5,2,I think Trello could be a very useful organizational tool; especially when you are planning something that requires input from a large group of people. I just don't think I would be willing to pay a monthly fee of $10 for it. I would prefer a larger one time payment than feeling like I was signing up for another subscription service.
3,2,1,2,5,5,4,5,6,6,5,5,5,6,7,4,4,3,2,3,2,1,2,2,5,6,4,3,2,3,4,4,4,3,2,7,6,6,5,6,6,5,4,4,5,5,5,3,5,3,2,5,5,5,5,5,3,4,4,7,7,7,3,1,1,This looks like a solution looking for a problem. Yes; I hate endless email chains as much as the next person; but how am I going to get everyone I know at work and home to sign up for Trello? Do they each need a subscription at some point? One of the things I like about using a site like Doodle to schedule meetings is that no one needs a login; even the meeting organizer! $10 a month would just be a deal breaker when I could easily find some work-arounds for free. I also don't know how this looks fun to anyone. Unless you love organizing parties; meetings; etc.; this is going to become a hassle real quick; no matter what software you are using. 
2,2,1,2,7,5,5,6,5,6,6,5,6,5,4,6,5,2,3,5,2,4,2,1,6,6,3,2,4,4,5,6,5,1,1,5,5,6,6,6,6,6,5,5,6,5,6,2,5,6,7,6,7,5,5,6,7,6,6,7,7,7,2,5,2,I think this could be extremely helpful for breaking down a project and organizing what needs done and when.
2,1,2,1,6,5,5,7,7,7,7,6,6,7,4,5,6,4,5,6,3,4,2,3,4,5,4,6,3,5,6,6,5,2,4,7,7,7,6,6,7,7,5,6,6,7,7,4,6,6,5,6,6,7,7,4,6,5,5,6,7,6,2,5,2,I think that Trello would be easy to use and it would be easy to get others on board to use it. It takes a lot of guesswork out of the progress of tasks. 
3,3,3,3,5,5,5,5,5,4,4,4,6,6,6,6,5,2,2,5,2,2,2,4,6,6,2,2,2,2,5,5,5,4,4,6,6,6,6,6,6,5,5,5,5,5,5,2,2,5,5,5,6,5,5,5,6,6,6,6,6,6,2,5,1,It seems like a good tool.
3,4,4,3,5,4,4,5,4,5,4,4,5,4,5,4,4,4,4,5,4,4,4,5,4,5,4,4,4,4,4,6,5,4,4,5,4,4,5,4,5,4,6,4,4,4,5,4,5,4,4,5,4,5,4,4,5,5,5,5,4,4,2,1,1,Looks useful 
2,2,2,1,6,6,7,6,4,5,5,6,5,6,6,5,3,3,2,5,2,2,2,4,6,5,2,5,5,5,7,6,6,4,4,5,4,4,5,4,4,6,6,5,6,5,5,2,2,4,4,4,4,5,5,5,3,3,4,6,6,6,1,1,2,
2,2,1,2,6,7,6,6,6,5,5,5,6,6,6,6,5,3,3,5,2,2,2,5,6,6,5,6,6,6,6,7,5,6,6,5,5,5,6,5,5,6,6,6,5,6,6,4,4,5,6,5,6,6,6,6,2,2,2,7,6,6,3,4,1,"Seems like some really nice features.  Personally; I really dislike the pricing model where some features are behind a pay wall.  I think it does a disservice to the application.  I would rather have full access to all features for a ""trial period"".  I can make a better; more informed decision about whether to pay for the application.  "
2,2,2,2,6,6,5,6,5,5,5,5,6,6,4,5,3,3,2,5,2,2,2,3,6,6,6,3,3,3,5,5,5,3,3,6,6,6,6,6,6,5,5,4,4,5,6,3,5,6,6,6,6,5,5,5,3,3,3,6,5,6,2,5,1,Trello seems like it would be a valuable tool for many.The cost of 10 a month is about 5 dollars too much.
5,2,3,5,6,7,6,6,5,6,6,4,4,5,4,6,5,5,6,4,3,2,2,2,3,3,2,5,5,5,6,6,6,3,3,3,3,3,2,3,3,5,4,6,5,6,4,5,6,5,6,6,7,5,6,4,6,6,6,5,7,7,2,5,1,it looks like it could make life a lot easier but i dont know how to use it.
2,2,2,2,6,6,7,7,6,5,5,5,6,6,6,6,6,6,6,6,6,6,6,6,6,6,6,6,6,6,7,7,7,6,6,6,5,5,5,5,5,6,6,6,6,6,6,6,6,6,5,5,5,6,6,6,6,6,6,6,3,3,1,5,2,It is very reliable
3,3,3,3,6,6,5,5,5,5,5,5,6,5,5,5,3,2,2,5,2,2,2,2,4,4,2,3,3,3,5,5,5,2,2,5,5,5,5,5,5,4,4,3,4,4,5,3,4,6,6,6,6,4,4,4,5,6,6,6,6,6,2,5,2,Trello seems like a great planning and organizational tool for work and family projects. It might be helpful to my family in particular when planning events with out of town friends and family members.
3,2,2,4,6,5,4,5,5,6,6,6,6,6,4,4,4,1,2,4,2,2,1,2,5,4,1,4,4,4,4,4,2,4,2,6,5,5,6,5,5,4,4,5,4,4,5,4,4,7,4,6,6,4,5,5,6,5,5,7,7,6,2,4,1,I think it would be a useful tool to help me keep all of my work tasks (and some other tasks) in order to keep my head above the water in a stressful and deadline oriented work environment. I think that it could be an extremely useful tool and think I will give it a try. It would work much better than trying to keep track of things in google calendar or excel spreadsheets.
1,1,1,1,6,6,5,6,6,6,6,6,7,7,7,7,6,3,3,6,4,4,4,5,6,6,6,6,6,6,6,6,5,4,5,7,7,7,7,7,7,6,6,6,6,7,7,3,4,7,7,7,7,6,6,6,5,5,5,7,7,7,2,5,1,It seems like a good idea and is simple to use. It depends on what features are locked behind the paywall.
1,1,1,1,7,7,6,6,6,5,5,5,6,6,6,6,5,5,4,6,2,2,1,4,7,7,5,5,6,5,6,6,7,4,4,5,6,5,7,6,6,7,6,6,6,6,6,5,7,6,5,7,6,5,6,6,5,4,4,7,7,7,4,4,2,It actually looks like it would be fun to use; I like how you can breaks a task down into pieces to make it easier to share the load;
2,2,2,2,6,6,6,6,6,6,6,6,6,6,6,6,5,5,5,5,4,4,4,4,6,6,6,5,5,5,6,6,6,4,4,6,6,6,6,6,6,6,6,6,6,6,6,5,5,6,7,7,6,6,6,6,6,5,5,7,7,7,2,5,2,I have no experience with it; but it looks like a fun tool to use.
2,2,2,2,7,6,5,6,5,6,5,6,7,7,6,2,6,2,2,6,2,2,2,7,7,7,6,7,7,7,6,6,5,7,7,7,7,7,7,7,7,6,6,6,6,6,6,7,7,6,5,6,4,6,6,6,5,5,5,6,2,3,1,3,1,I use Trello to keep track of projects at work; post troubleshooting guides; and correspondence with different faculty.  It's very easy to use and has helped our department organize our thoughts and projects much better.
2,1,1,1,7,7,6,7,6,7,7,7,7,7,7,7,5,1,1,4,2,1,1,4,5,5,3,4,3,4,6,6,7,4,4,7,7,7,7,7,7,6,4,4,4,6,7,3,6,7,6,7,7,3,5,5,6,5,5,7,7,7,2,5,2,I liked it and I think that it would be a great tool in certain professions 
1,1,1,1,6,6,5,5,4,5,5,5,7,7,7,7,5,3,2,5,1,1,1,1,5,5,3,1,1,1,5,5,4,1,1,7,7,7,7,7,7,5,6,5,4,5,5,2,4,7,7,7,7,5,5,5,4,3,3,7,7,7,2,5,2,I have not heard of it before today but it seems like a good organizational tool. I like to make lists and organize things so this may be of use to me.
2,2,2,2,5,5,5,4,5,5,5,5,6,7,6,7,4,4,4,4,4,4,4,4,7,7,7,4,4,4,5,5,5,4,4,7,7,7,7,7,7,4,4,4,4,5,5,4,4,7,7,7,7,4,4,4,4,4,4,5,7,7,2,5,1,It seems pretty well thought out; but not something I'd have much use for personally. The type of work I do doesn't lend itself well to tools like this. If I change occupations I could see myself using it; however.
2,2,2,2,5,6,5,5,5,6,6,6,6,6,4,5,4,3,4,3,3,2,2,5,5,5,4,4,4,4,5,5,5,5,5,6,6,6,5,6,6,5,4,5,5,6,6,3,4,6,6,6,6,5,5,5,3,3,3,6,6,6,2,4,1,It looks like a better version of a general calendar or scheduling app. I think it could be useful but in my situation I'm essentially limited to Google products since that's what my company uses. 
7,5,1,1,6,6,3,2,4,5,4,5,7,7,4,4,1,1,1,4,4,4,1,1,6,5,5,1,1,1,3,3,3,2,1,7,7,7,7,7,7,1,1,1,1,4,4,1,1,4,5,6,7,1,1,1,2,2,2,7,7,7,2,5,1,I don't personally see myself using it; but I understand the draw if you need more organization in your life.
3,2,3,3,6,6,7,6,5,5,6,6,6,6,4,5,4,2,3,5,3,2,2,4,5,5,4,5,5,5,6,6,5,4,4,5,6,6,6,5,6,5,6,6,5,6,5,4,4,4,5,5,5,5,6,5,6,6,6,6,6,6,2,4,1,From what I saw of it; Trello seems like a very good platform for workplace or even personal collaboration as the windows operating system doesn't really provide any tools with so much flexibility like this. I think it would be especially useful in an office environment that requires lots of teamwork and planning; project completion; etc.
2,1,2,1,7,6,6,6,6,5,6,5,6,6,5,6,5,5,5,6,3,3,3,5,6,6,5,3,3,3,5,5,5,5,5,6,6,7,6,6,6,6,5,6,6,6,6,5,5,6,7,7,7,6,6,7,7,6,6,7,6,7,1,3,1,It seems like a very efficient management tool. It looks very professional and easy to use.
2,1,1,1,6,5,6,6,6,6,5,6,6,6,6,7,6,4,5,6,4,3,4,4,6,6,5,4,4,4,5,5,4,4,5,7,7,6,6,7,6,6,6,7,5,5,6,5,6,6,6,6,6,6,6,6,4,6,5,5,6,5,3,1,2,I think it looks like a useful tool that I could adapt to easily. It seems like it would benefit my work life and help me keep organized and ontop of things.
2,2,2,2,6,6,7,6,4,5,4,6,6,6,6,4,4,3,3,4,4,3,3,4,6,5,6,4,4,4,6,6,6,4,4,6,6,6,5,6,6,6,6,6,6,5,5,4,5,3,3,4,5,7,7,6,3,3,3,4,2,2,1,5,1,I think Trello is great for people who like to be organized and want some fun in their schedule.
6,7,2,2,6,6,5,5,6,6,7,6,5,6,5,6,7,6,6,6,2,3,3,3,5,5,3,3,3,4,4,5,5,3,3,6,5,5,6,7,6,5,5,5,6,6,6,5,5,6,3,6,4,5,4,5,6,5,5,6,5,5,4,5,2,I felt that it was a great tools to use and interact with. It seems to be very easy to use. I know that it would help me to be organize in my daily work
2,2,2,1,5,5,4,4,5,5,6,6,6,6,4,4,4,3,3,4,4,4,4,4,4,5,4,3,2,2,4,4,4,4,4,5,6,6,5,6,5,5,4,4,4,5,5,4,4,5,4,4,6,4,4,4,3,4,4,5,6,6,1,6,1,It seems like a more efficient version of google calendar  
3,1,1,1,7,7,6,6,5,6,6,6,6,6,5,5,3,1,1,5,5,5,4,5,7,6,6,2,3,2,5,5,5,4,4,6,6,7,7,6,6,6,5,6,6,6,6,5,5,6,6,6,6,6,6,5,3,3,3,7,7,7,3,5,1,My perception of Trello is positive. I can imagine using it at work with colleagues. I don't know that there's enough value to justify a $10/month subscription; but I found the features helpful and it seems like using Trello would be an enjoyable experience.
1,1,1,1,5,6,5,5,5,5,5,5,7,6,4,5,4,1,2,5,4,4,2,2,6,6,2,2,2,2,4,5,3,2,2,6,6,7,6,6,6,4,4,4,3,5,5,2,2,7,7,7,7,3,3,4,5,5,5,6,7,7,2,5,1,I could see this being useful for event planning or project management in an office setting. I like the visual aspect of the boards/cards. I also like how you can do cards by email. For me; I am not sure I would find it useful.  When I collaborate on musical projects; I am not sure it would be helpful for my purposes and I am not overly social; so I wouldn't use it to plan an outing or party with a group of friends. 
1,1,1,1,6,7,7,6,6,6,6,6,7,7,6,6,6,1,2,6,4,4,4,2,6,6,6,5,5,5,6,6,4,2,2,7,7,7,6,7,7,7,4,6,7,6,6,5,7,7,7,7,7,7,7,6,3,3,3,7,7,7,2,5,2,I haven't used it; but it looks really cool. I can see myself using it for work and personal projects; and probably for birthday parties like in the video.
1,1,1,1,7,7,7,7,7,7,7,7,6,7,5,7,4,4,4,5,1,4,1,4,7,7,5,2,3,3,7,7,6,4,4,6,6,6,7,6,6,7,7,7,7,7,7,6,5,7,7,7,7,7,7,7,4,4,4,7,7,7,1,5,1,Trello is a well designed and attractive looking project management tool.
6,2,2,2,6,5,5,5,5,5,6,6,7,7,4,5,5,2,4,5,1,2,3,3,7,7,7,3,3,3,4,4,3,6,2,7,5,5,3,6,6,5,5,5,4,4,3,5,5,6,5,5,6,4,5,3,3,3,4,3,7,7,2,6,1,It looks clunky and gaudy. Seems like a useful idea but you need a graphic designer and UI person to work with it. It looks like and seems to operate like an old Linux app from 2008. 
3,3,1,1,6,7,7,6,7,7,7,6,6,5,4,4,5,3,3,5,3,3,1,1,6,5,3,4,4,4,6,6,5,1,1,6,6,5,6,5,6,5,6,4,4,5,5,3,3,6,5,5,6,5,5,5,2,2,2,7,7,7,3,6,1,It seems like an easy-to-use planning app that is user friendly.
1,1,1,1,6,6,6,6,6,7,7,7,7,7,5,7,5,3,3,5,1,1,1,4,5,5,4,5,5,5,6,6,6,4,4,6,6,6,6,6,6,6,4,6,5,6,6,3,5,7,7,7,7,5,5,5,4,4,4,7,7,7,3,4,1,Trello look like a well polished and useful tool in getting things done. I have my own methods pretty well established; but I may try Trello at some point; especially if I have a large project with many sub tasks.
2,2,2,2,5,4,5,5,6,6,6,6,6,6,4,5,5,2,2,3,2,2,2,2,5,1,1,3,3,3,5,5,5,2,2,3,3,4,4,4,5,5,5,5,5,5,5,4,5,6,5,5,5,5,5,5,5,4,4,6,6,6,5,5,2,It was interesting.  I don't plan any parties but it might be helpful in setting up group vacations instead of texting each other endlessly to make sure all the details are handled :)
2,5,6,3,6,5,5,5,6,6,6,6,6,6,4,4,4,3,2,4,2,2,1,1,6,6,5,2,2,2,5,5,4,1,1,6,6,6,5,6,6,5,6,6,6,4,4,5,6,6,6,5,6,4,5,6,1,1,1,6,7,7,2,6,2,I have no personal experience using Trello but I think it seems like a useful tool that can be used in many aspects of a persons life.
1,4,2,1,5,6,5,5,7,2,6,6,7,7,4,6,4,2,3,5,1,2,1,3,4,5,3,3,3,2,5,5,4,4,3,7,7,7,6,7,6,5,6,6,5,5,7,4,6,6,6,7,6,5,5,6,2,1,1,7,7,7,2,5,1,"I think this could be useful. The idea of ""avoiding endless email chains"" in the getting started video seemed especially relevant to my work flow. I think $10/mo/user is pricey though; considering what this does. I don't think it's worth that much. "
2,2,2,2,6,5,4,5,6,6,6,6,6,6,6,6,5,4,5,5,4,4,4,4,7,7,7,4,6,4,4,4,5,4,4,7,7,6,7,6,7,6,6,5,5,6,6,5,6,6,6,6,6,5,5,5,6,6,6,6,4,6,2,5,1,it seems interesting; i would try it for sure with my job
1,1,1,3,7,6,6,6,5,5,5,6,7,7,7,7,5,1,1,6,4,4,4,4,5,5,3,3,4,4,6,6,5,4,4,6,6,7,5,5,6,6,5,5,6,5,5,3,6,7,7,7,7,6,5,7,6,5,5,7,7,7,1,5,2,I sell cars so I could see how this might be useful. I could put together presentations with a car's features; or for first time buyers I could put together a presentation about the steps for purchasing or selling their car; since some people get confused/intimidated by the process and don't know all the steps and fees involved when you buy from a dealership vs. a private seller or auction.
2,2,2,2,6,6,5,6,5,6,6,6,6,6,4,6,4,2,2,5,2,4,2,4,6,6,2,2,2,2,5,6,5,4,4,6,6,6,6,6,6,5,6,6,6,6,6,2,4,6,7,6,6,6,6,6,4,4,4,7,7,7,3,5,2,I enjoyed learning about Trello. I hadn't heard about it before.
4,5,4,4,6,6,5,5,5,5,6,6,6,6,5,6,5,2,6,5,3,3,3,4,6,6,4,2,2,2,5,6,5,4,4,6,6,6,4,6,6,4,5,5,5,6,6,4,3,6,7,6,6,5,6,5,6,5,5,6,7,6,2,5,2,I think that Trello would be very good for project managers in an office type setting - this doesn't really apply to my current line of work; but I could see the benefits when thinking about previous employment.
5,4,4,4,5,6,6,6,5,7,5,6,5,5,5,5,6,5,5,6,4,5,4,5,7,7,7,5,5,5,5,6,6,4,5,6,6,6,6,6,6,6,6,6,6,6,6,5,5,6,6,6,6,6,6,6,5,6,6,5,4,5,3,5,1,very usefull product.i will try to use it sometimes
2,1,1,2,7,6,6,7,7,6,6,6,7,6,5,5,6,6,7,6,6,6,5,6,6,6,5,7,7,7,6,7,6,6,6,7,6,6,6,6,7,7,6,7,7,7,6,5,7,5,6,7,6,7,7,7,2,3,3,7,4,4,3,6,2,"I like the ability to break down tasks into discrete units; and the interface is visually engaging; which I appreciate. I wish I could delete cards rather than simply archive them. 
The video was helpful; and convinced me to re-visit the idea of using Trello more frequently (I haven't used it in several months; not having explored most of its features.)"
2,2,2,2,6,5,6,6,6,7,7,7,6,7,6,6,6,4,3,5,3,3,2,3,6,6,5,5,5,5,6,6,5,4,4,6,6,6,5,6,6,6,6,6,6,6,6,3,5,6,7,6,7,6,6,6,5,5,5,6,5,6,2,2,2,Trello is really straightforward; user-friendly; and fun; and it also makes it a lot easier to collaborate; especially with groups that are spread out in different areas.
1,4,1,1,4,5,3,1,7,7,7,7,2,7,1,1,4,1,1,1,1,1,1,1,5,5,4,1,1,1,3,3,3,1,1,7,7,1,1,7,7,1,1,1,1,1,1,1,1,4,4,4,4,1,1,1,1,1,1,1,7,7,3,4,2,I used Trello a few years ago when my then husband was using it for work. I found it cumbersome to use because no matter what tool a group of people settles on; they need to discuss how to use it as a group beforehand in order to make it work. It doesn't solve group communication issues. (I didn't expect it would; but solo planning tools work better for me.)
1,2,1,1,7,7,7,6,6,4,4,5,6,6,6,5,4,2,2,5,4,2,2,4,6,6,4,4,4,3,7,7,7,4,4,7,6,6,6,7,7,4,4,5,5,6,7,4,5,5,4,6,4,4,5,4,7,7,7,7,7,7,3,2,1,It is a collaboration tool that incorporate social networking element that involve organization; visualization; and delegation.
5,2,2,5,6,6,6,5,6,5,5,4,4,5,4,3,3,3,2,3,2,2,2,2,6,6,6,3,3,3,6,6,6,2,2,5,5,5,6,6,5,5,5,5,4,6,6,2,4,5,5,5,4,3,4,4,4,4,5,6,6,6,2,4,1,I have never used Trello before; but I believe I've heard of it. I'm not sure from where. In learning about it's capabilities; I began to think of things I could use it for in my personal life; but I know that it would never make it over to my line of work. There are too many other products that already exist that do things in more detail. I probably wouldn't pay to use something like Trello just for personal projects.
4,2,2,4,4,3,2,3,3,2,3,2,5,5,4,5,4,2,3,5,4,4,3,3,3,3,2,2,2,2,2,2,2,3,3,3,3,3,2,3,3,3,2,2,2,4,4,1,3,5,6,7,5,2,2,3,7,5,5,7,7,7,3,6,1,It seemed slow; clunky; confusing; and as if it just clumsily incorporates a bunch of already existing simple tools that I already have. I feel like I could just use those; plus email and some messenger program; and do things faster than with Trello; but I feel that way about all 'productivity suite' type software.
2,2,2,2,5,5,5,5,5,6,5,5,6,6,6,6,3,2,2,4,3,4,3,5,6,6,5,3,3,3,5,5,5,4,4,6,6,6,5,6,6,6,5,5,5,5,6,4,6,6,6,6,6,6,6,6,3,4,4,6,7,7,2,5,1,It looks like a useful; easy way to collaborate on projects. I like it. 
1,1,1,1,6,7,6,6,6,6,6,6,7,7,4,5,5,4,3,5,4,4,4,4,6,6,5,4,4,3,5,6,5,4,4,6,6,6,6,6,6,6,5,5,5,6,7,4,6,7,7,7,7,5,5,5,6,6,6,6,4,6,2,5,1,It seems like a good idea. It seems fairly full featured and intuitive to learn. I only wonder how easy it would be to get others to join me in using it.
5,3,5,5,6,5,4,5,6,5,5,5,5,4,5,4,6,4,5,4,5,5,5,4,5,5,4,4,4,4,4,5,4,4,4,4,4,5,5,4,4,6,5,5,5,6,6,5,6,5,6,6,6,5,5,6,4,4,4,6,6,6,3,5,2,It looks like it would be really helpful for work projects; assigning tasks for each person so everyone knows what their suppose to do.  People will enjoy using this once they learn how it works and will use it to plan all kinds of things.
6,6,4,5,6,5,5,6,5,2,1,4,7,3,4,2,6,5,6,6,2,2,2,4,5,6,4,4,3,3,5,5,4,5,4,4,3,3,5,4,4,6,3,5,4,5,5,3,5,5,4,6,5,5,5,5,3,3,3,7,7,7,3,1,1,It seems to be good; I would mainly use it as a personal tool for personal projects. I've used productivity software in the past; and I usually wind up not keeping up with it after a few weeks. I fear Trello might follow the same pattern. 
2,2,2,2,5,5,5,6,6,6,6,6,6,6,6,6,6,2,2,6,2,2,2,4,6,6,3,6,6,6,6,6,4,4,4,6,6,6,6,6,6,6,6,6,5,6,6,3,5,6,4,6,6,4,5,5,3,3,4,6,6,6,3,6,2,I've casually used it more for personal stuff than work; it's a useful tool
1,1,1,1,7,6,5,5,7,7,7,7,7,7,6,7,5,4,4,5,6,7,6,5,7,7,7,4,4,4,5,5,5,5,5,7,7,7,6,7,7,5,6,5,5,6,6,4,5,7,7,7,7,5,5,5,6,5,5,7,7,7,2,5,1,It seems like Pinterest combined with google circles; which is a good combination.  From the video; it would help with organizing events.  The interface is sleek and I like how you can  customize it and  easily add contacts.
1,1,1,1,7,6,7,7,6,6,7,7,6,6,7,6,6,2,1,6,6,6,6,4,7,7,7,6,6,6,7,7,6,5,5,7,7,7,7,6,6,6,6,7,7,6,6,6,6,6,6,6,7,7,6,6,5,5,6,7,7,7,2,5,2,I think it would be really useful for planning work events; such as retirement and holiday parties.  It looks easy to use and visually appealing.
5,3,5,6,7,7,7,7,6,6,4,5,5,5,4,5,6,6,6,7,2,2,2,2,5,5,3,4,4,4,7,7,6,2,2,3,3,3,6,5,4,6,5,6,5,5,3,3,5,6,6,6,5,5,5,5,6,6,6,5,7,7,3,5,2,I think it would be a useful tool but it does look intimidating to get started.  I'd also be concerned about getting other people to use it to make it successfully work for me.
2,2,1,2,6,7,6,6,7,6,6,6,6,6,7,7,5,3,3,5,3,5,5,5,6,7,5,5,5,5,6,6,7,5,5,5,6,6,7,6,6,7,6,6,6,6,6,5,7,6,7,6,6,6,6,7,6,6,6,7,6,6,2,6,2,It looks like a fun and easy way to collaborate with others for project or event planning. I think that I would be able to use it without much help.
2,3,1,1,6,4,4,6,5,6,7,7,7,7,6,4,4,1,4,5,4,2,1,5,5,5,4,2,2,2,4,5,4,5,5,6,5,6,4,6,6,5,4,4,4,5,6,4,5,6,6,6,5,3,4,4,5,4,4,7,7,7,3,4,1,Seems simple to use and would be good for an organization with limited experience using these types of tools.
2,2,2,2,6,6,6,6,6,6,6,6,6,6,5,4,3,2,2,6,4,4,2,4,6,6,6,1,1,1,6,6,6,4,4,6,6,6,6,6,6,5,5,5,5,5,6,3,5,6,6,6,6,5,5,5,5,5,5,4,7,6,2,5,1,It seems useful for social planning.
5,5,5,5,5,4,4,4,3,3,3,3,4,4,4,4,3,3,3,3,2,2,2,2,5,5,3,3,3,3,5,5,5,2,2,5,5,5,5,5,5,2,3,4,4,4,4,2,2,5,3,3,3,4,4,4,4,4,4,5,7,6,2,5,2,It seemed like a glorified pinterest combined with Band
4,6,5,1,4,5,4,4,5,7,5,5,6,7,4,7,1,1,1,1,1,1,1,2,6,2,2,1,2,2,4,4,4,2,2,7,7,7,7,7,7,4,3,2,5,4,5,1,2,7,7,7,7,5,4,5,1,1,1,7,7,7,1,5,1,It seems mostly like an unoriginal idea with some minor tweaks to how it works. 
1,1,1,1,5,6,5,4,4,5,3,4,6,6,6,4,2,1,1,2,1,1,1,1,6,6,5,1,1,1,4,5,4,1,1,6,6,6,5,6,6,4,3,3,2,5,6,1,1,7,6,7,7,3,4,4,2,2,2,7,7,7,2,5,1,It seems like it's not much different than Pinterest
3,2,2,1,3,3,3,2,2,4,4,7,6,6,5,6,2,1,1,1,1,1,1,2,6,6,6,1,1,1,2,2,2,2,2,6,5,5,4,6,6,1,1,1,1,4,4,2,2,5,5,4,5,1,1,1,4,3,3,4,6,6,3,3,1,Not worth subscription fees
3,2,3,2,6,7,7,6,6,6,5,6,6,6,6,5,6,3,3,5,3,5,3,3,6,6,6,5,6,5,7,7,6,4,3,6,5,5,6,6,6,6,6,6,6,6,6,5,5,6,7,6,5,6,7,5,5,5,5,7,6,6,3,6,1,Seems like it would be fun to use for an upcoming vacation with family.
3,3,3,3,6,6,6,6,5,4,4,3,4,4,5,5,6,6,2,5,3,3,3,4,4,4,2,4,3,3,6,6,6,4,4,4,4,4,4,4,4,4,4,5,5,5,5,4,5,5,4,5,5,5,5,5,4,4,4,6,7,6,4,5,2,I watched the video and learned a little about creating an event.
1,1,1,1,7,6,6,7,7,7,7,7,7,7,6,7,5,2,2,5,2,4,2,5,5,6,4,4,4,4,6,6,7,5,4,7,7,7,6,7,7,6,5,6,6,6,7,5,6,6,7,7,7,7,7,7,5,5,5,7,7,6,2,5,2,It seems easy to use and will help with getting things done
1,1,1,1,7,7,7,7,7,7,7,6,6,7,7,6,6,6,7,7,6,6,6,7,6,6,5,6,6,6,7,7,7,6,6,6,7,6,7,6,7,6,7,7,7,7,7,6,7,6,7,6,7,6,7,6,7,7,7,7,7,7,2,4,1,I think it is a neat idea and has a lot of potential uses. It would be useful for productivity and in one's work and personal life. I like the idea and it might replace tools I am already using like calendars. It has a lot of features that would come in handy.
3,2,2,2,6,6,6,5,5,6,4,4,6,6,4,6,4,2,3,4,4,4,4,4,5,6,3,2,2,2,6,6,6,4,4,7,7,7,7,7,7,5,6,6,4,6,6,3,3,7,7,7,7,5,5,5,4,4,4,6,7,7,1,5,1,Feels like it would be a useful tool 
2,2,2,1,6,4,5,5,4,6,2,6,6,6,4,4,5,4,4,6,4,4,3,5,7,6,4,4,3,3,5,5,4,4,5,6,6,7,6,6,6,6,4,4,4,5,6,4,4,6,6,7,7,4,5,6,4,5,6,6,7,6,2,4,1,While I have never used Trello; I am familiar with it. Overall; I think it could be a very useful tool for the workplace or for project management. 
1,1,1,1,7,7,7,7,7,5,5,5,6,6,5,7,7,7,7,7,4,4,4,5,6,6,6,6,6,6,7,7,7,5,5,6,6,6,6,6,6,7,7,7,7,7,7,7,7,6,7,6,7,7,7,7,5,5,5,7,7,7,3,5,1,I think it would be a great tool but my only concern would be getting others to use it as well. It would take quite a convincing to get some people to join in and not everyone would want to do it within the social or work circles. I like it quite a bit and it seems super easy to use and will lead to productivity gains without a doubt. 
1,1,1,1,6,7,6,6,6,6,6,6,6,6,6,6,7,2,2,6,2,2,2,2,6,6,4,4,4,4,6,6,6,2,2,7,7,7,7,7,7,6,5,6,5,6,6,4,4,7,7,7,7,6,5,5,6,6,6,7,7,7,1,3,1,I think that its something that could be very useful and easy to implement. 
3,2,1,2,7,7,6,6,7,6,6,7,6,6,4,5,7,4,5,6,5,6,6,5,6,6,6,5,5,5,6,6,5,5,5,6,6,7,7,6,6,7,6,7,7,6,6,5,7,7,7,7,7,7,7,6,3,4,6,7,7,7,2,5,1,I was feeling slightly excited while watching the Trello video because I like organizing things in my life and it seemed relatively easy to do so using Trello.  I instantly thought of using it's applications from everything from household chores to work assignments.  
4,2,2,4,3,4,2,3,4,2,3,4,3,4,3,2,3,2,4,3,2,4,2,4,4,4,2,4,2,5,3,4,2,2,5,4,3,3,3,2,5,2,5,2,3,5,3,2,4,4,3,2,4,4,2,2,4,2,3,3,3,2,1,5,1,I dont know what it is
2,1,2,2,5,6,6,5,6,5,5,6,5,5,6,5,6,4,4,5,5,6,6,4,6,5,4,4,3,3,5,6,6,6,7,5,6,7,6,6,5,6,5,7,6,6,5,5,4,6,7,6,7,5,6,6,5,4,5,6,3,7,2,5,2,It seems like it's a good tool for when multiple people need to work on a project together. The layout was very user friendly and aesthetically pleasing too.
2,2,2,1,4,5,5,3,6,6,6,6,6,6,4,6,2,1,1,5,2,2,2,2,6,5,4,1,1,1,5,4,3,4,4,6,6,6,5,6,6,2,2,2,2,4,6,2,2,6,5,4,4,2,2,2,2,2,2,6,7,7,3,5,2,Looks nice and easy to use. I just prefer pencil and paper. I am not a very social person and wouldn't need this type of problem.
2,1,2,1,5,7,5,5,5,7,5,6,6,6,5,2,2,2,1,4,4,4,4,2,5,6,3,4,4,4,6,6,5,2,2,5,5,6,6,4,5,2,3,4,4,3,4,2,2,6,4,4,3,2,4,3,5,5,5,6,7,6,3,5,2,I think Trello would be a good idea if you had a lot of things to do. But just for simple task that you do everyday seems like a waste of time to make a list. It seems it would be easier to just do what you need to do instead of making a list about it. 
2,1,1,1,6,7,5,6,6,5,6,5,7,7,7,7,6,5,5,6,2,2,2,4,6,6,4,4,3,4,5,5,4,4,4,7,6,5,5,5,6,6,5,6,4,4,6,2,5,6,6,5,6,5,5,6,6,4,5,7,7,6,2,5,1,It seems like a great tool to coordinate projects
2,1,2,1,5,3,3,4,5,6,6,5,4,6,3,4,3,1,2,3,2,2,1,2,5,5,5,2,2,2,2,4,5,2,2,5,5,6,6,6,6,2,2,2,2,4,5,2,2,6,4,4,4,3,2,2,5,4,4,5,6,6,1,4,2,the layout reminds me of those card sorting tasks I've seen on mturk
2,2,2,2,6,6,5,6,5,5,5,5,5,5,4,5,6,5,5,6,3,2,2,4,3,3,2,4,4,4,5,5,5,4,4,6,6,6,6,6,6,5,5,5,5,5,5,5,5,6,6,6,6,5,5,5,4,4,5,6,6,6,2,5,2,It seems useful.
2,2,2,1,6,6,6,6,6,7,7,7,6,6,6,6,6,5,4,6,4,4,3,4,6,6,6,6,6,6,6,6,5,5,5,7,7,7,7,7,7,7,6,6,6,7,7,6,6,6,5,6,6,7,6,7,6,6,6,6,7,7,1,2,1,I have had only good experiences with Trello; even though I have used it the least out of the 3 I mentioned. It works well and is easy to use.
3,1,1,2,5,7,7,6,6,5,7,7,6,5,7,7,3,6,5,7,6,4,7,6,6,7,7,6,7,7,4,6,5,5,7,5,7,6,7,7,7,5,4,6,6,4,6,7,3,7,7,5,6,5,7,2,6,5,5,5,5,7,2,5,2,easy to use and good